collab_email,allowed_code;;;;;;;
oscar.juarez@millicom.com,GT;;;;;;;
oscar.juarez@millicom.com,CR;;;;;;;
marylyn.gomez@millicom.com,GT;;;;;;;
marylyn.gomez@millicom.com,CR;;;;;;;
javier.molina@millicom.com,GT;;;;;;;
javier.molina@millicom.com,CR;;;;;;;
lars.aguirre@millicom.com,NI;;;;;;;
lars.aguirre@millicom.com,PA;;;;;;;
walter.ruiz@millicom.com,NI;;;;;;;
walter.ruiz@millicom.com,PA;;;;;;;
juandiego.porras@millicom.com,NI;;;;;;;
juandiego.porras@millicom.com,PA;;;;;;;
jonathanarmando.pixtun@millicom.com,NI;;;;;;;
jonathanarmando.pixtun@millicom.com,PA;;;;;;;
karlaveronica.ramos@millicom.com,SV;;;;;;;
karlaveronica.ramos@millicom.com,HN;;;;;;;
jonathan.perez@millicom.com,SV;;;;;;;
jonathan.perez@millicom.com,HN;;;;;;;
jorge.anleu@millicom.com,SV;;;;;;;
jorge.anleu@millicom.com,HN;;;;;;;
shirley.perez@millicom.com,SV;;;;;;;
shirley.perez@millicom.com,HN;;;;;;;
kristel.cuevas@millicom.com,SV;;;;;;;
kristel.cuevas@millicom.com,HN;;;;;;;
josue.sil@millicom.com,GT;;;;;;;
josue.sil@millicom.com,CR;;;;;;;
marlon.gonzalez@millicom.com,NI;;;;;;;
marlon.gonzalez@millicom.com,PA;;;;;;;
maria.caballeros@millicom.com,SV;;;;;;;
maria.caballeros@millicom.com,HN;;;;;;;
